product_id,name,description,price,created_at
89e21236-e2e2-4043-87b8-4eb3a5fbfafb,act,Yet measure win.,60,1988-02-05T06:46:15.569105
d175161c-f239-4afc-bda3-887687b33b45,others,Central turn follow network few major require.,72,2005-07-21T08:11:47.392334
6ea8eb29-1c36-413b-926b-41663ebe1e6c,card,Soldier little specific service dream enter about.,0,2018-03-26T15:59:30.819886
3a398dda-607a-4ac0-bfc8-304115e4ec40,turn,Model account order wrong.,90,1985-01-22T15:03:14.229716
52f775aa-2b06-4f69-8837-46c6f5e2aad6,quality,Cold go special late wind.,48,2017-01-01T21:09:54.478647
cecc3a62-eed4-44da-9bef-071f1acfb0eb,present,Each senior fear must series project there bar.,10,2003-10-29T04:26:43.078418
55c614db-6372-4108-a9b0-36523a6e2771,baby,Look know social thought nature environmental structure everyone.,55,2009-10-28T06:24:14.098518
c638701b-e8b7-42ff-8aad-f99447d41782,threat,Five young wrong true sister chair.,31,1980-08-09T07:06:57.433189
cc1be897-bab2-4846-ac78-aa7d43ced6c2,theory,Black style sport somebody industry choose education pretty.,16,1996-05-16T10:01:15.127097
36d45b3c-617e-4832-aa3b-c5094c868125,population,End assume make evidence political security benefit.,78,2000-12-06T03:18:34.925069
5592d444-1c30-47ef-b407-cb9886b2b957,growth,Human local expect officer main.,10,1991-08-22T23:33:23.904904
413db203-e7d0-45b5-baeb-922cc2c0035e,movie,Sit mean teacher economic official.,98,1989-07-28T09:41:25.398123
dd15ff60-5504-482d-91fa-69cb271fce87,do,Back as knowledge arrive.,11,1988-03-30T15:36:08.641968
64bb571c-9c2a-4d01-a574-0ade12907f62,college,Their finish other contain return task sense.,10,2009-09-09T08:38:57.720117
9f6e371a-a829-473a-bd49-c9dbc1a20a83,significant,Each character let step kitchen car miss sit.,70,1996-03-12T12:21:32.283600
8fcc8a18-2b0f-4f0a-af2e-cc17696bdc89,Mr,Board not forward we.,55,2022-07-28T03:25:08.503133
324ec77a-b483-442b-a29f-6390a82bf29f,available,Attorney gun suggest in month of want network.,34,1971-10-10T10:08:13.977033
538698f5-2176-4d14-9477-4039c64157e7,capital,Civil style light low protect.,2,1993-07-17T19:20:07.079275
99d859f2-8b52-4b85-b863-bc8e10870a8c,event,Sometimes think director quickly really impact beautiful.,25,2025-04-18T22:29:35.647604
dc802415-894c-4fc2-9fe0-3d5727e33490,simple,Reveal player pressure learn direction see.,42,2001-02-07T06:32:45.059712
c9dfe89c-b799-4893-9df0-66f681295505,someone,Customer personal fish take art form risk.,51,1970-04-09T03:24:30.173168
90bfc607-0c49-427f-a9f7-44ed861bd9e3,full,Also piece boy system book wrong.,0,1999-08-01T22:05:23.432237
88bfd98a-dd37-413d-85f3-59baa611f1f1,answer,People south yeah while partner kitchen cold.,61,2017-06-18T13:47:16.612196
33c36942-c4f1-4fc9-8e48-8991f790fe4c,long,End entire assume difference.,55,2001-06-10T08:38:25.953457
9ee2a308-9c6e-428e-88b0-72d747a6f086,sense,Source court best try series say decade.,19,2010-11-30T04:23:30.693859
61d31b0a-d2bc-4733-b1e3-7b91848f2796,child,Answer action teach measure several past mission.,57,1994-08-08T20:32:00.335527
75afa7c1-266f-49f9-8f93-1b39660c22fb,character,Bag sometimes effort wear.,15,1980-01-20T22:34:21.022469
33c41b22-d695-41ca-bb16-b0456ab8e376,rise,Thought year beat finish capital act.,98,2023-09-17T09:18:29.233641
62bec1a3-5d86-47d6-8bc1-da8f040ea9ad,collection,Tonight particular blood old pressure.,72,1973-07-22T17:39:02.013344
56a9bc7c-0c46-4f5b-b520-0070570e5cff,idea,Picture despite public professor above shake official.,46,2022-02-20T19:47:45.339971
61a2f6b5-e649-4e5f-8c73-de8a1ef2185a,environmental,Little relate according area cover understand type nature.,62,1978-09-13T16:03:03.510883
eb79be32-b39a-404d-9ee9-785608c53ab0,keep,Generation draw important tend speak him environmental.,48,1973-03-30T01:13:28.149545
25acaf49-b771-4659-8a49-87fb89ce11b7,team,Need ground shoulder drop evidence.,1,1988-08-28T21:35:33.595566
70b4ac9b-21aa-40f4-92b3-4010e9beef2e,woman,Beat think degree.,74,2016-07-06T07:08:48.607017
a56fefa1-0bf2-48d3-aab1-d518a8e0a9eb,according,Authority give popular bed book.,33,1973-01-06T13:19:05.629389
0bf511bc-740c-4e13-a250-94ee0aea02db,far,Evening address herself wrong.,95,1994-07-31T22:56:48.165790
d96c1e2c-fbbd-4f70-b9ca-b719bddd11e8,run,Little rate sit garden.,42,1973-01-12T06:25:43.996926
37490fe7-6efa-44b3-837b-f74c49cdf066,me,State several simple fly your boy.,42,2019-08-21T12:23:59.550639
57bc8ff5-ef1e-44de-b981-ed08f4262093,seven,Price idea mind road.,62,1990-05-25T23:10:40.617053
2179b41f-5ce0-4389-b11f-dc7fc296b01a,appear,Line computer wish until seek behind old.,19,2021-10-04T00:43:57.111217
57894f25-e897-4c9a-aaab-a2b5adb5db4f,popular,Hope provide into environmental explain treat.,20,1979-07-04T06:33:19.314091
1744c197-33ba-4b74-b15c-e3c72d48a49b,activity,May key move trouble lawyer.,15,2010-09-21T16:21:28.225074
55f12fb3-2d4b-4ac8-a6f3-5e51eeb28415,everything,Society about huge recognize challenge center.,74,1978-02-08T08:46:29.372881
3b38bcee-b200-4779-a318-807bc4426bc5,lead,Cup degree guy man scene avoid Mr.,12,1999-03-07T01:41:44.222744
b321599f-3a8b-449e-8b68-fbe4e40c671e,indeed,Wall while word believe.,11,1976-07-26T01:50:36.048273
7dbaa8f2-e0f9-4ec3-8704-d5a7b498d2d4,rate,Dream deal large research single culture.,8,2017-09-23T22:34:23.011598
0fc80138-218f-4973-ae38-ccd99792e30b,production,Cut security eight medical article.,28,1998-11-13T21:14:34.995378
9903be87-f0cf-4f5e-8150-4b1795f1e1ab,cover,Skill girl while girl.,22,2017-12-01T16:23:02.418262
01a5adff-b6d0-423a-a26c-e9ad6577d291,check,Team body nothing catch edge finish.,10,2013-09-14T20:35:40.868433
4893b4ce-ec6a-4a85-8e0f-967a21eb376f,threat,Time spend know painting fight garden ready.,53,2003-01-12T11:28:26.486113
abfc02b5-7edf-481d-950d-607a646bdaee,attack,Unit carry pretty situation here focus message.,62,2011-04-04T13:49:17.123843
9047e1e5-4cb6-42ee-9874-9c54b31f36c2,find,Ago there couple everybody different.,52,2016-09-07T20:37:30.655801
476ac85e-a596-455f-9020-90f194b54f28,easy,Professor option cost visit before expert fall.,19,1999-09-26T19:19:52.710784
f32ee8ac-9190-40d5-a8d5-88dcf4b34d5b,worker,General office difference do hospital save.,46,1977-03-05T18:04:43.504895
e88f2926-524e-48ef-a0ef-7d1d3c8b2365,put,Only western whose serve human.,54,2003-11-30T08:27:16.100668
14e93667-94bc-4efc-8f6f-34aaeb4eaeaa,head,Management one stay return want nation paper.,91,1977-06-12T18:39:41.663114
7833eb4a-0093-44f6-9209-79cf25bd3761,determine,Plan garden very suddenly create safe.,91,2003-10-02T17:48:14.971188
e0ea8deb-3b09-4414-aacb-739689977aef,about,Itself series response address.,94,1997-01-22T07:33:00.963494
397e4dfe-727c-4338-8346-29d40f110fc3,her,Candidate trade white.,2,1971-11-01T02:01:11.971366
c224586b-57ee-4d0c-b047-bdb843809fdc,agent,Now end central issue maybe usually left.,61,1974-10-03T19:34:21.794324
3dbe335b-9c98-405e-951e-896e82226b1e,also,Language worry represent instead system put what.,4,2010-04-07T04:54:35.516397
861f042c-5cc1-426d-a896-2ea2077ea1d7,any,Hair idea debate finally.,79,2005-04-11T03:40:26.502606
ac595669-1722-4272-9afe-a3cfeb617a08,arm,Series all law.,51,1992-02-06T23:25:39.959185
463d475b-1ae5-48ef-a9e9-238405c74d90,guess,Five reason test score show.,95,1984-01-10T15:17:12.541461
f24d2785-ffa1-46c5-8c40-d71a6753e029,knowledge,Cover level process decide.,55,1988-11-19T23:30:58.550138
34624a64-b46b-4791-89d3-f6a2752d67f9,my,Court building line least.,42,2023-12-29T04:41:12.361668
0f220f7f-05b2-4321-8b8a-a12be70e6aaa,turn,Laugh cause clear mouth.,23,1976-05-30T20:43:37.898241
85db7611-94bd-44b7-82cd-a611d690b4a3,surface,Piece century member write size home probably.,70,1998-08-08T05:34:44.089440
507b7597-884c-4f34-92d2-551ef44770e0,spend,Take boy base him person bill mention agent.,84,2015-12-07T11:32:17.063424
972e130f-e457-4fdd-9667-e713d5147e26,customer,Never candidate pressure ahead source could.,82,1978-10-16T21:46:12.334354
61b9c621-2165-45bf-a6a6-fe2c723c9f5f,magazine,Four writer life middle.,67,1974-12-23T22:01:00.009815
094b97bf-e93a-4ac2-8294-2dcb2d93dbd4,each,Describe their tree.,28,2006-05-01T18:40:51.165208
9a85607d-4047-42b3-ac67-33324c8155ae,trouble,Night security know image.,44,1971-06-05T03:03:20.423753
dc6f5f63-aadf-4fd0-a642-6a5e4eb5fcfe,fast,Well person war huge region.,89,1971-07-26T19:30:21.323854
498faffe-8a08-45a6-b47e-2334211b9719,late,Police mother threat.,87,2011-12-15T02:08:52.786247
77d98ea2-8494-4cac-b61c-8252309a0fb1,hold,Performance piece chair.,81,2013-10-12T10:12:56.517180
c5d4577b-b09c-4692-a573-eb56d338d9d2,something,Generation goal Mrs subject student gun.,15,1977-03-13T03:25:58.868206
9aeadbfd-24ac-4f91-b8f4-6a9ae4ffe23a,this,Change never send rule message west.,23,1976-05-21T08:19:23.459584
48840876-b793-4c65-a919-48302ef613c7,again,See possible reduce marriage property must area simple.,2,2016-06-10T06:55:04.591841
9b2653ff-72ce-4652-b994-fc94f676a748,personal,Strategy seat up yard culture industry prevent.,56,2013-12-28T20:49:29.529147
755c3153-8a76-479f-bd7b-b64fb253f751,course,Stuff human boy thing possible language take.,39,1996-07-22T04:19:56.575554
0dee3a31-3a33-4286-b2cc-de34f1317117,dark,History recently kid question.,76,1970-04-17T00:48:55.759838
635daead-6b8f-4793-83ce-00f59c45a90c,mind,Possible tax read itself base.,86,2023-07-24T04:34:41.121122
66890f93-a9d5-408b-9b25-6aba12bf1599,cold,South several little.,68,1997-01-30T05:32:34.057114
4df64e06-5090-4e57-9484-401e3d1cfb6f,say,Measure suffer onto hand ever most opportunity.,33,2014-10-01T17:05:37.969571
239b7421-2653-419b-a775-feb751bb95c2,room,Suggest son yes law professor activity.,94,1978-12-28T18:12:05.223731
f31a2fc4-9655-46dd-a3d7-0e4532a3e181,agreement,Your different about such evidence media we.,67,1972-02-23T14:40:41.572348
ebf495a4-7cdd-44fc-9426-d094ce4e86e2,but,Discuss tax serious court we.,1,1997-07-09T12:10:33.140336
75e5dba8-49ec-41ee-a4bf-7c4a1e3e5b3c,either,Better near TV adult look most.,20,2019-11-19T16:34:51.263819
1fa3df7b-28e8-4079-ac99-47f639011032,Mrs,Cover there claim huge whether focus.,32,1977-07-25T17:45:40.738958
0550f8b1-424b-464a-97e1-1cb7ab8cb127,sister,Step build open expert method.,10,2024-01-04T19:37:21.815606
c7d71e2c-069e-491d-9285-e1c985bbd68c,case,Talk price high around street amount pay.,10,2011-04-10T17:35:39.946586
54d052d8-40c3-4c7f-b7ec-039d4e01f14c,paper,Radio moment surface.,37,1985-05-21T10:30:00.266800
3b37837b-17bf-457c-b9ca-0ef4861261a1,wife,Station pick structure.,87,2001-03-31T15:39:24.444824
83b809e2-c4c9-4dd9-b7d3-6ca58c78f46f,shake,Good message before trip.,15,2004-05-17T06:00:01.581208
6cfe81b0-d217-4968-b650-9d2359eedbd7,cultural,Administration message week treatment.,5,2021-09-10T07:46:37.291831
74fc7380-4eb2-49a7-8827-b90e9c941844,line,Reach fact employee letter.,89,1984-07-04T01:28:03.269036
014cca6d-b4ab-4e6b-80fe-da26272a0158,play,Simple at feel data available follow contain.,96,1994-12-05T16:15:14.283346
f42de222-1d92-4638-b4a5-860844f65bc3,fall,Front worry our expect.,38,1993-12-08T22:20:18.085437
d0d7f97e-2d13-463a-bcb3-b2505320ed10,around,Lot stop look message structure explain reveal.,51,1972-10-05T08:57:14.959422
