user_id,name,email,address,created_at
b2ee7ee7-6835-4f58-ba7c-bcf2407b3c92,James Levy,andrew62@example.org,"7459 Christopher Motorway
North Marybury, AZ 22665",1974-06-16T15:05:57.792776
cb2e5842-cb89-4b0a-837d-00bf1f4e665f,Matthew Wells,stephanie72@example.com,"USNV Johnston
FPO AE 48544",2022-07-07T17:41:03.784287
65aba98e-4d88-4901-b10a-e77bbb2ead86,Sandra Brown,raymondwright@example.net,"88254 Nguyen Village Apt. 835
North Robinfurt, PW 58381",2007-03-23T01:49:07.267839
cc7a77d5-2acf-4dda-9b7f-bd3c1378570e,Tamara Cross,jonessteven@example.net,"12187 Ryan Run Suite 059
Josephshire, TN 20951",1997-03-04T01:14:33.566078
f29876bd-f0fb-4234-b699-0bb80028fdfa,Samuel Knapp,zoebrady@example.com,"347 Farrell Shores Suite 709
New Tanyaborough, OK 44571",2001-04-20T03:44:03.844359
627443e7-fc95-436a-b07f-bbfea46a1119,Dakota Flores,christina94@example.net,"67797 Paul Lights Apt. 609
Port Melanieland, PW 51697",2018-12-16T03:53:48.354331
9a0683a6-97c1-49f5-afb7-91c29d806be5,Julie Williams,stephensshannon@example.org,"851 Francisco Street
Lake Valerie, NM 10188",1980-02-10T22:30:52.580224
d4614eb7-3b76-4bf5-8a3d-436c67ca0241,Eric Young,joshuapowers@example.org,"4363 Andrew Dam Apt. 066
West Mackenzie, SD 46989",2010-03-07T18:42:12.489800
f5effdff-179f-4cb9-8a9d-f531812c50c7,Vanessa Daniel,djohnson@example.net,"Unit 5128 Box 9553
DPO AP 09141",2018-02-25T19:39:27.552196
23265f9e-6a69-466f-be2f-0b56b72838d4,Samuel Allen,rhondaandrews@example.net,"00632 James Corner
Valerietown, NC 79408",2000-04-23T20:35:52.069463
675729e2-a1a0-4180-b73a-3df8af310fe8,Annette Ramos,brittanysheppard@example.net,"748 Delacruz Branch Apt. 015
Meganville, NM 11047",2015-07-30T02:38:38.955657
e3373e3b-1b65-4c50-a53a-28b2e5f8bf2d,Ellen Garza,penacolleen@example.org,"8894 Rodriguez Ridges
North Michael, RI 88646",1971-10-30T09:50:25.751326
a27f316d-c654-4163-b7c2-d3cc6deca833,Cheyenne Taylor,anthony39@example.net,"362 Butler Bridge
West Christopher, KS 50819",1991-03-09T14:19:35.694557
9021aa72-e72d-49b0-98c2-97ff2f6453e4,Mrs. Susan Miller,jeremy64@example.net,"377 Ashley Highway Suite 861
West Wendyberg, TN 74968",1982-01-28T18:28:38.287785
4775f560-433a-4a5f-8480-3c616b770cb3,Jonathan Wright,nicole63@example.net,"89724 Davis Lake Apt. 149
Oliverville, PW 70650",1979-04-11T20:39:59.414499
f5916e38-905e-4f2a-854c-3ce8dc834eec,Hector Pope,connie65@example.net,"14695 Kim Crest
Lake Paulachester, KS 74284",2005-04-08T21:02:50.313622
c15b31f8-054f-4d2c-a9b0-3f99c63962a5,Cynthia Thompson,wshaffer@example.com,"402 Cheryl Branch Suite 208
Catherineshire, DC 34864",1983-02-12T17:41:35.045569
3028fa09-3dce-4ff8-9511-fbdcc2f1699a,Alexis Pineda,williamfloyd@example.org,"USCGC Obrien
FPO AP 90754",1975-08-17T02:27:51.473264
01adebf8-72a2-474f-a3e6-3dfa0afa3355,Darren Bray,romankevin@example.net,"761 Jill Ports Apt. 340
West Stevenberg, AS 83542",2001-09-07T23:12:48.649748
d0c35c25-c375-40b4-9b93-77f453aed867,Beth Hensley,lucaswilliam@example.org,"25138 Lewis Keys Suite 098
South Marissaside, MD 68172",2013-04-21T09:18:55.146940
fa5a84c3-3cb1-4420-b557-caafc2956c9c,Todd Young,johnsonstephen@example.net,"6768 Robinson Meadows Apt. 768
West Elizabethshire, OH 61119",2000-05-04T22:26:37.944053
538acabd-4b58-4751-b49e-bf058db9e239,Samuel Reed,pattonshannon@example.net,"2659 Tanya Squares
Alexanderchester, PW 56308",2000-10-16T10:45:07.904750
b97eba1a-da23-4afd-a235-1682f3eb7cc2,Andrew Meyer,clarson@example.net,"679 Yesenia Ports
East Desiree, PW 02349",2023-06-23T01:17:06.314272
3c820daa-bd77-4506-9a20-55224f808129,Charles Sanders,joneselizabeth@example.com,"4160 Rodriguez Neck Apt. 170
New Nicholaschester, ME 72627",2015-03-16T09:12:34.335755
a2841b45-a239-4693-9020-cdffe3f33a62,Russell Strickland,henryjames@example.net,"387 Nicole Creek
West Jeffrey, OK 58112",1975-07-27T03:55:22.695590
640d54de-55b3-4d56-a3d3-4febe60bac87,Joseph Henry,sjones@example.com,"274 Tracy Stream Apt. 956
Port Christine, CT 02307",1971-01-31T14:31:27.262198
8a4e8229-cbc2-4687-ac96-da2355161ae8,Gerald Baker,stacy11@example.org,"3082 Charles Center Suite 860
New Jamestown, WA 30434",1978-08-07T14:32:31.542322
03907cec-1941-4c05-98b0-ded959e3a6eb,Linda Perkins,kentlucas@example.org,"5618 Hill Well Suite 617
Port Patricia, NY 08047",2019-08-31T23:44:12.755177
2fda9031-8cf3-4484-97cc-e3478cf41c95,Derek Moreno,erin02@example.com,"4445 Connie Loop
Estradaland, PW 04654",1981-05-16T13:30:32.312542
3a3c6ceb-bae7-4566-8be2-1c53f2a85961,Justin Paul,theresasherman@example.org,"539 Crystal Harbors Apt. 659
Sullivanside, GA 77592",1985-02-15T19:07:00.827971
3b31622c-4cf3-40f0-8174-54ec00f5be29,Sandy Freeman,toddcruz@example.org,"2154 Daniel Vista
Weaverbury, WA 04002",2001-11-11T03:36:06.572425
de00f4f8-c526-4f25-b3ed-6add84ffdd8a,Lisa Moon,brendaallen@example.com,"768 Richard Knolls Apt. 566
South Carrie, ND 65218",2011-05-01T06:50:47.871816
ccc2b4d2-5aad-4288-83c5-2369ae917586,Jorge Gutierrez,lchan@example.org,"27137 Sandra Estates
East Denisefurt, KS 06166",2003-04-06T15:55:37.435893
543c221e-6c3b-42bd-a847-72b66c399e7d,Mrs. Taylor Krueger,amanda71@example.net,"3927 Kyle Unions
Cobbbury, KY 85438",1980-01-28T08:55:01.152785
bfa705a6-f686-43a2-abc5-6d91771bd8af,Grace Rodriguez,jacob48@example.net,"3902 Paul Union
Millerland, FM 09553",1990-05-06T14:43:43.198453
12569985-8914-4107-b629-c0a8b3b289b4,Derrick Harmon,timothythompson@example.com,"35873 Thomas Mews
East Cynthiashire, DC 91465",2025-05-12T10:34:41.224277
c1033cbe-4bfe-4843-a174-561e00776001,Ashley Gill,kshah@example.net,"86633 Martinez Road
New Anthony, MH 88820",1980-01-30T01:17:12.440384
b8c872b7-6030-44e1-8abc-d689aaeba8e9,Julie Larson,davidharris@example.com,"92252 James Manor
Port Shannonmouth, FL 55475",1988-06-01T19:31:19.570016
b7bbdca0-9454-4bbf-a858-708ab8d16074,John Wade,coopergregory@example.org,"7105 Brown Island
Elizabethberg, OH 50663",2003-08-26T15:40:49.766420
74ad77bf-fc1f-4169-8881-21d4e6ce1fdf,Karen Nguyen,ruth18@example.org,"2172 Jacobson Lakes Apt. 371
Friedmanton, VA 75271",2013-09-11T07:17:34.622751
70d627aa-7faf-4591-aafb-1b0b96d95487,Christina Cortez,hillkimberly@example.com,"363 Suzanne Centers Suite 136
East Andrewfurt, NC 21284",1974-11-26T11:40:03.200816
57067425-254c-4561-ad63-ed0436874a1d,Jessica Hood,xalvarez@example.com,"5509 Jesse Circles
New Emma, WY 72479",2021-09-14T15:34:32.883688
8cbf6814-8676-4436-b9f9-9f95e76ddfca,Dorothy Carpenter,wjohnson@example.com,"24014 Wagner Forks Apt. 735
North Patrick, CA 59033",2002-12-04T15:17:08.774323
fda780e7-4ac6-4c6b-b48d-ee07f811d9e8,Tamara Roberts,uwalker@example.org,"98463 Savage Mall
East Stephenland, IL 34415",2009-11-27T20:51:51.146861
4e9f78b9-62f2-4dc0-bf6a-f938c0b4a363,Heather Robinson,ylee@example.com,"7612 Krause Parkway Apt. 511
Port Jimmyport, SD 28879",1983-08-24T19:53:40.803006
0cfa3a2b-b1c0-4ec7-9bde-78fe2ca8ee67,Tracy Andersen,simshenry@example.net,"0747 Willis Trail
Johnberg, WI 51412",2018-07-03T05:18:23.540135
e51abd14-d268-4fa3-a203-a62c02071ef6,Melanie Erickson,dominic30@example.net,"99416 William Fall
East Justinfort, MS 83101",2008-05-04T16:57:33.557220
4493bd52-14e3-405d-9c22-de8086cee0bf,Lisa Phillips,franciskevin@example.com,"1579 William Extensions
South Austin, NY 79806",2003-04-22T01:09:56.780242
15496118-4b8b-4a13-a2e5-f70a2252217b,Daniel Goodwin,jenniferbrown@example.com,"45767 Deleon Forges Apt. 863
Brandontown, AR 88710",2016-10-26T15:41:03.158987
3fadf53d-c63c-4681-a0aa-8d987678be09,Nicole Long,wcarter@example.com,"6101 Kyle Fords
Kimberlyside, GA 28366",1974-05-16T01:35:31.080340
2da5f594-8ae4-4bd3-bee4-d54647c8aff7,Frank Daniel,sherryflynn@example.net,"92501 Guy Canyon Apt. 107
Port Dawnchester, IN 23581",1975-08-13T13:27:25.956975
1378a83e-5b4b-496a-bbbe-f67cc7a7caae,Ryan Horton,millerjulie@example.net,"473 Charles Turnpike Apt. 845
Blackwellhaven, MP 28739",2009-05-21T06:33:10.853339
f8982a73-c376-4c2b-b7c3-3e9c8f05b3cd,Michael Bradford,bevans@example.org,"800 Keller Freeway
Port Moniqueview, WA 61632",2007-12-16T17:48:21.252512
17d71ce5-9823-4f75-bab8-7ffa23abe07d,Matthew Best,taylorsmith@example.org,"1950 Lozano Field
North Tiffany, KY 12562",1980-05-13T23:45:28.012180
f00b4ab3-2479-44ac-b353-795eef85dfa2,Michael Burke,steven46@example.com,"4771 Mary Roads
Heatherview, LA 39497",1979-02-27T09:16:57.625438
03ca75ad-3353-41bc-b706-8a3a02b56213,Jordan Thompson,webbdenise@example.net,"Unit 9142 Box 4572
DPO AP 27451",2019-07-15T02:04:38.925393
9d088e1d-2f24-4ed2-b279-3615a57930a9,Amanda Lopez,thompsonkevin@example.com,"837 Laura Mall
Port Tracy, KY 16757",2007-04-18T14:27:30.183795
3d38f847-bee0-4b0e-b190-bbc4260135df,James Davis,lynn43@example.org,"USNS Cruz
FPO AE 43604",1981-10-23T20:19:06.115129
a633c89f-7838-4f35-bdf3-e75b118ea923,Jared Castillo,harrissean@example.com,"706 Dixon Ways
Port Shannon, MP 94276",2009-09-10T12:03:11.407563
33f215fc-7dc4-48a3-9e69-bcc448d6c33b,Deborah Thompson MD,oroy@example.org,"572 Gray Landing
Luisland, MS 68831",1983-10-14T05:20:01.707273
08c0f453-7bed-45ae-9e2a-0e68b5711125,John Bryan,xtaylor@example.net,"498 Cynthia Place
New Michael, KS 99663",1999-10-19T03:39:25.760589
7939d75d-ccd0-46c7-867d-b82aa522a56c,Stacy Simpson,ryanolson@example.com,"082 William Throughway
Juarezmouth, NH 35335",1997-02-04T07:59:29.983839
432ed383-5594-4939-8eed-cfd32e9a2b3b,Steven Anderson,timothypratt@example.com,"751 Rose Haven
Lawsonport, IL 14591",1992-01-03T02:23:15.677119
9828b255-de69-4816-b850-b840812ec3d0,Julia Carlson,sarahjohnson@example.net,"9662 James Lodge
East Michael, MN 63737",2008-03-16T05:35:34.807348
bb01e10f-6434-4334-800f-291d4aee0c3a,Ashley White,xmorris@example.org,"53321 Miller Vista Apt. 900
North Colinview, MI 99348",2019-01-31T12:11:11.472807
b2606b17-c0df-40c8-a761-2b5e600c977f,Tiffany Navarro,orozcomelissa@example.net,"PSC 3055, Box 8332
APO AA 93022",2014-09-19T05:44:17.437229
a8e21172-af1f-4b7f-8636-1cae13ae26c4,Michael Davis,manningkaitlyn@example.net,"USNV Lewis
FPO AE 07384",2016-03-10T21:21:57.507552
91063ebd-0a4c-451e-8b85-e900c30d8509,Brittney Curry,travis47@example.org,"0431 Christopher Fort Apt. 612
Ricemouth, MI 10359",1971-12-17T08:53:17.766562
7861bde5-732b-430e-9966-35ee00118844,Terry Jackson,evansrobert@example.net,"188 Lewis Turnpike
Parkerborough, AK 67462",1994-09-23T11:38:43.205276
3b819db6-63a1-4be8-b277-6552ffc3c440,Allen Bray,olsonjustin@example.net,"20182 Lopez Flat Suite 537
East Albertstad, AL 05631",1972-06-23T00:19:54.289227
75c7ca05-29a2-4f80-8780-c54636d84f3d,Michael Mack,cmoore@example.com,"778 Dudley Key
Saundersland, NM 41794",2016-09-02T09:26:33.413501
841df1c9-b564-4318-bd49-29bf65fbb554,Robert Dean,ydavis@example.org,"8397 Collins Union Apt. 906
Jefferyborough, OR 14311",1978-09-12T03:45:29.438412
67e95390-3ce4-4e5a-be6b-c35739e95a30,Teresa Martin,nealjanice@example.net,"3148 Stephanie Well Apt. 715
West Kathytown, FL 97881",1982-04-19T10:08:35.656500
4f40deb6-9332-4b1c-b5d1-4a37d4f8e447,Dr. Nancy Huerta DDS,zmcknight@example.com,"8622 James Mountains
North Kimberlymouth, MD 34226",2003-12-26T12:47:17.653358
b9e11eb5-a3a6-4687-bc08-f18d4938cd70,Melissa Wagner,ryantorres@example.com,"274 Smith Plains Apt. 262
East Sharonview, NV 14215",1978-01-30T21:23:07.287623
cc6cb12c-035c-404b-bc36-e240d95476f0,Juan Kelly,mendezsarah@example.com,"647 Bush Knolls Apt. 913
New Russell, PA 29428",1970-05-09T00:28:37.305508
794ee506-8828-4a3f-9c35-10493af6e5ab,Gregory Freeman,lisatorres@example.com,"52303 Jessica Centers
East Alyssafort, MS 37575",2007-02-20T09:21:10.658730
c4b0b268-f839-4390-bda9-b41eaa33cbe1,Whitney Edwards,lawsonpamela@example.org,"142 Hall Creek
Port Michael, DE 88076",1974-06-01T09:38:14.279788
98a81ca7-f49b-4d6e-bda8-360f7773caf7,Amy Ramirez,alexandracalderon@example.net,"8261 Martinez Expressway
Lake Gloriatown, PW 89525",1983-09-22T13:56:13.954958
55c65f53-cb38-45a1-ab2d-022ad65b84c8,Elizabeth Kelley,jamiechen@example.org,"2923 Davis Gardens Suite 143
South Edwardburgh, MO 64860",2010-09-30T20:32:53.060053
bcd8161a-c68a-4026-a32a-ad4c147f415b,Cassandra Ashley,hornejoshua@example.org,"9695 Robin Mountain Apt. 982
Johnton, MO 46229",2020-08-04T03:40:14.319770
cb7a3bb4-2fb0-4ae7-b201-c7cb614f0e52,Scott Johnson,rogerjenkins@example.com,"93790 Young Fort Suite 978
Loganport, MN 35562",1979-03-01T01:34:12.807087
2828f26c-cb08-4ad3-97b4-8a92f728aa9d,Thomas Oliver,aprillove@example.com,"53653 Rosario Springs
Jonesmouth, NJ 20696",2009-01-20T06:02:36.076427
8e7e78dd-259a-4bfb-ae9d-1bfbb3cad782,Susan Whitney,hutchinsoncarolyn@example.net,"7253 Jose Underpass
Matthewside, CO 19976",2015-08-14T19:26:28.760963
76a55a04-a455-43aa-b296-59ebec7484e9,Kathryn Taylor,gutierrezwilliam@example.org,"26539 Mary Glen Apt. 023
Kleinbury, MD 98556",1975-09-01T02:11:52.497989
51a86df1-a89c-4b13-be29-c6dc688fe037,Kimberly Ayala,jacobsonkenneth@example.net,"0464 Murphy Grove Apt. 159
North Desireefurt, ID 89883",2021-11-27T16:26:26.826861
822d80a5-f70f-4265-a6c8-0c63cf79eba4,Kaitlyn Fuentes,leahholloway@example.net,"4153 Michele Drive Suite 317
Emilyland, CO 49590",2017-12-01T14:28:49.514455
5c773a21-10e1-4e73-a871-fa0cd6184453,John Martin,zmanning@example.net,"367 Mindy Throughway
Michelleport, PW 47130",1991-09-12T22:03:35.551288
a99a9ff1-f3de-4b4c-b11b-360eab8bdc8b,Bianca Jones,margaretwoods@example.com,"7808 Lee Knolls
Hutchinsonside, MS 04360",1996-03-04T15:36:45.740826
c719d2eb-2c17-49ec-8313-a11487cb0efe,Jessica Lozano,owensbrittany@example.net,"7609 Schwartz Brook Apt. 716
Delacruzfurt, IA 06696",1992-03-24T22:31:14.282980
80b9222c-a631-4b46-b646-fce10a66ef18,Christina Henry,brownangela@example.net,"PSC 7046, Box 9648
APO AA 95354",1987-04-16T21:14:39.053384
057d485e-e188-44bb-880a-b543ef367787,Patricia Fields,mitchell48@example.org,"2535 Singh Mission Suite 726
Matthewville, MT 75723",2012-04-27T13:08:08.298982
7ec44647-fa7c-47d6-9362-8b95e0045634,Heather Chandler,riveraashley@example.org,"70665 Michael Walk
South Elizabethborough, AZ 69193",1992-06-17T07:18:13.582744
8dcc8fb0-1882-4cc9-baac-0722c94e5929,David Berg,lewisamy@example.org,"35014 Maria Estates
Port Ronald, MD 35434",2014-08-11T05:56:58.361608
0e6aa9b0-9e66-4881-b438-6aeb8c711fa9,Aaron Mckee,jacqueline65@example.org,"PSC 5788, Box 0446
APO AA 30424",2009-04-30T13:36:04.480199
d4c24509-f025-488d-8084-9d64a0ddff8a,Robert Miller,patriciakennedy@example.org,"6647 Norris Rest Apt. 652
New Stevenbury, OK 59369",2008-05-24T16:21:38.030948
6c16172e-ed87-419a-8053-0a33b1e434ae,Hunter Gutierrez,williamfrancis@example.com,"PSC 2018, Box 3602
APO AA 90534",2002-05-10T20:12:45.459457
6123d1fa-3d1f-4602-995b-389c85e49663,Mrs. Lisa Mitchell DVM,millerjennifer@example.org,"6587 Brittany Corners
Jennifershire, NM 29398",1999-09-16T05:26:28.460919
0d7cd298-54a1-4d7c-82fd-b4ddd6318d12,Elizabeth Rodriguez,vtapia@example.com,"440 Kyle Shores
Armstrongfurt, AR 94821",1984-07-19T02:49:20.792734
4d5e0b25-a674-42e4-b897-975004f3d21c,David Avery,tcarter@example.org,"589 Katrina Shoal Apt. 967
Shawnville, NY 06916",1992-12-23T01:41:45.740555
